origin_value,hour,dow,month,is_weekend,lag_1,lag_2,lag_3,lag_6,lag_12,lag_24,lag_48,lag_168,rolling_mean_3,rolling_mean_24,rolling_mean_168,timestamp
4853.0,18,3,10,0,6395.0,6874.0,6134.0,5217.0,5982.0,4920.0,4792.0,5107.0,6467.666666666667,3823.25,3489.089285714286,2017-10-26 18:00:00
3763.0,19,3,10,0,4853.0,6395.0,6874.0,5220.0,6543.0,3450.0,3496.0,3723.0,6040.666666666667,3820.4583333333335,3487.5773809523807,2017-10-26 19:00:00
3222.0,20,3,10,0,3763.0,4853.0,6395.0,5443.0,5825.0,3115.0,3028.0,3228.0,5003.666666666667,3833.5,3487.815476190476,2017-10-26 20:00:00
3761.0,21,3,10,0,3222.0,3763.0,4853.0,6134.0,5535.0,2686.0,3540.0,2891.0,3946.0,3837.9583333333335,3487.779761904762,2017-10-26 21:00:00
3218.0,22,3,10,0,3761.0,3222.0,3763.0,6874.0,4671.0,1912.0,3068.0,2188.0,3582.0,3882.75,3492.9583333333335,2017-10-26 22:00:00
1617.0,23,3,10,0,3218.0,3761.0,3222.0,6395.0,4872.0,1416.0,1129.0,1354.0,3400.3333333333335,3937.1666666666665,3499.089285714286,2017-10-26 23:00:00
685.0,0,4,10,0,1617.0,3218.0,3761.0,4853.0,5217.0,684.0,597.0,748.0,2865.3333333333335,3945.5416666666665,3500.654761904762,2017-10-27 00:00:00
435.0,1,4,10,0,685.0,1617.0,3218.0,3763.0,5220.0,378.0,343.0,427.0,1840.0,3945.5833333333335,3500.279761904762,2017-10-27 01:00:00
278.0,2,4,10,0,435.0,685.0,1617.0,3222.0,5443.0,268.0,226.0,318.0,912.3333333333334,3947.9583333333335,3500.3273809523807,2017-10-27 02:00:00
377.0,3,4,10,0,278.0,435.0,685.0,3761.0,6134.0,378.0,343.0,360.0,466.0,3948.375,3500.089285714286,2017-10-27 03:00:00
847.0,4,4,10,0,377.0,278.0,435.0,3218.0,6874.0,900.0,921.0,852.0,363.3333333333333,3948.3333333333335,3500.190476190476,2017-10-27 04:00:00
2805.0,5,4,10,0,847.0,377.0,278.0,1617.0,6395.0,2940.0,3006.0,2583.0,500.6666666666667,3946.125,3500.160714285714,2017-10-27 05:00:00
5356.0,6,4,10,0,2805.0,847.0,377.0,685.0,4853.0,5982.0,5883.0,5327.0,1343.0,3940.5,3501.4821428571427,2017-10-27 06:00:00
5582.0,7,4,10,0,5356.0,2805.0,847.0,435.0,3763.0,6543.0,6093.0,5827.0,3002.6666666666665,3914.4166666666665,3501.654761904762,2017-10-27 07:00:00
5159.0,8,4,10,0,5582.0,5356.0,2805.0,278.0,3222.0,5825.0,5837.0,5358.0,4581.0,3874.375,3500.1964285714284,2017-10-27 08:00:00
4444.0,9,4,10,0,5159.0,5582.0,5356.0,377.0,3761.0,5535.0,5542.0,4811.0,5365.666666666667,3846.625,3499.0119047619046,2017-10-27 09:00:00
4303.0,10,4,10,0,4444.0,5159.0,5582.0,847.0,3218.0,4671.0,4550.0,4730.0,5061.666666666667,3801.1666666666665,3496.8273809523807,2017-10-27 10:00:00
4705.0,11,4,10,0,4303.0,4444.0,5159.0,2805.0,1617.0,4872.0,4887.0,5071.0,4635.333333333333,3785.8333333333335,3494.285714285714,2017-10-27 11:00:00
5214.0,12,4,10,0,4705.0,4303.0,4444.0,5356.0,685.0,5217.0,4921.0,5601.0,4484.0,3778.875,3492.1071428571427,2017-10-27 12:00:00
5092.0,13,4,10,0,5214.0,4705.0,4303.0,5582.0,435.0,5220.0,4984.0,5332.0,4740.666666666667,3778.75,3489.8035714285716,2017-10-27 13:00:00
5120.0,14,4,10,0,5092.0,5214.0,4705.0,5159.0,278.0,5443.0,5274.0,5635.0,5003.666666666667,3773.4166666666665,3488.375,2017-10-27 14:00:00
5644.0,15,4,10,0,5120.0,5092.0,5214.0,4444.0,377.0,6134.0,5895.0,5757.0,5142.0,3759.9583333333335,3485.309523809524,2017-10-27 15:00:00
6061.0,16,4,10,0,5644.0,5120.0,5092.0,4303.0,847.0,6874.0,6630.0,6244.0,5285.333333333333,3739.5416666666665,3484.6369047619046,2017-10-27 16:00:00
5292.0,17,4,10,0,6061.0,5644.0,5120.0,4705.0,2805.0,6395.0,6424.0,5877.0,5608.333333333333,3705.6666666666665,3483.5476190476193,2017-10-27 17:00:00
4634.0,18,4,10,0,5292.0,6061.0,5644.0,5214.0,5356.0,4853.0,4920.0,5202.0,5665.666666666667,3659.7083333333335,3480.065476190476,2017-10-27 18:00:00
3498.0,19,4,10,0,4634.0,5292.0,6061.0,5092.0,5582.0,3763.0,3450.0,4084.0,5329.0,3650.5833333333335,3476.684523809524,2017-10-27 19:00:00
2971.0,20,4,10,0,3498.0,4634.0,5292.0,5120.0,5159.0,3222.0,3115.0,3287.0,4474.666666666667,3639.5416666666665,3473.1964285714284,2017-10-27 20:00:00
2905.0,21,4,10,0,2971.0,3498.0,4634.0,5644.0,4444.0,3761.0,2686.0,2903.0,3701.0,3629.0833333333335,3471.315476190476,2017-10-27 21:00:00
2621.0,22,4,10,0,2905.0,2971.0,3498.0,6061.0,4303.0,3218.0,1912.0,3247.0,3124.6666666666665,3593.4166666666665,3471.3273809523807,2017-10-27 22:00:00
1892.0,23,4,10,0,2621.0,2905.0,2971.0,5292.0,4705.0,1617.0,1416.0,2761.0,2832.3333333333335,3568.5416666666665,3467.6011904761904,2017-10-27 23:00:00
1340.0,0,5,10,1,1892.0,2621.0,2905.0,4634.0,5214.0,685.0,684.0,1546.0,2472.6666666666665,3580.0,3462.4285714285716,2017-10-28 00:00:00
796.0,1,5,10,1,1340.0,1892.0,2621.0,3498.0,5092.0,435.0,378.0,804.0,1951.0,3607.2916666666665,3461.2023809523807,2017-10-28 01:00:00
556.0,2,5,10,1,796.0,1340.0,1892.0,2971.0,5120.0,278.0,268.0,575.0,1342.6666666666667,3622.3333333333335,3461.154761904762,2017-10-28 02:00:00
376.0,3,5,10,1,556.0,796.0,1340.0,2905.0,5644.0,377.0,378.0,453.0,897.3333333333334,3633.9166666666665,3461.0416666666665,2017-10-28 03:00:00
395.0,4,5,10,1,376.0,556.0,796.0,2621.0,6061.0,847.0,900.0,436.0,576.0,3633.875,3460.5833333333335,2017-10-28 04:00:00
774.0,5,5,10,1,395.0,376.0,556.0,1892.0,5292.0,2805.0,2940.0,788.0,442.3333333333333,3615.0416666666665,3460.339285714286,2017-10-28 05:00:00
1364.0,6,5,10,1,774.0,395.0,376.0,1340.0,4634.0,5356.0,5982.0,1248.0,515.0,3530.4166666666665,3460.2559523809523,2017-10-28 06:00:00
2090.0,7,5,10,1,1364.0,774.0,395.0,796.0,3498.0,5582.0,6543.0,1759.0,844.3333333333334,3364.0833333333335,3460.9464285714284,2017-10-28 07:00:00
2950.0,8,5,10,1,2090.0,1364.0,774.0,556.0,2971.0,5159.0,5825.0,2651.0,1409.3333333333333,3218.5833333333335,3462.9166666666665,2017-10-28 08:00:00
3657.0,9,5,10,1,2950.0,2090.0,1364.0,376.0,2905.0,4444.0,5535.0,3381.0,2134.6666666666665,3126.5416666666665,3464.6964285714284,2017-10-28 09:00:00
4267.0,10,5,10,1,3657.0,2950.0,2090.0,395.0,2621.0,4303.0,4671.0,3843.0,2899.0,3093.75,3466.339285714286,2017-10-28 10:00:00
5033.0,11,5,10,1,4267.0,3657.0,2950.0,774.0,1892.0,4705.0,4872.0,4534.0,3624.6666666666665,3092.25,3468.8630952380954,2017-10-28 11:00:00
5002.0,12,5,10,1,5033.0,4267.0,3657.0,1364.0,1340.0,5214.0,5217.0,4890.0,4319.0,3105.9166666666665,3471.8333333333335,2017-10-28 12:00:00
4685.0,13,5,10,1,5002.0,5033.0,4267.0,2090.0,796.0,5092.0,5220.0,4680.0,4767.333333333333,3097.0833333333335,3472.5,2017-10-28 13:00:00
5031.0,14,5,10,1,4685.0,5002.0,5033.0,2950.0,556.0,5120.0,5443.0,4453.0,4906.666666666667,3080.125,3472.529761904762,2017-10-28 14:00:00
5010.0,15,5,10,1,5031.0,4685.0,5002.0,3657.0,376.0,5644.0,6134.0,4414.0,4906.0,3076.4166666666665,3475.970238095238,2017-10-28 15:00:00
5234.0,16,5,10,1,5010.0,5031.0,4685.0,4267.0,395.0,6061.0,6874.0,4438.0,4908.666666666667,3050.0,3479.5178571428573,2017-10-28 16:00:00
4906.0,17,5,10,1,5234.0,5010.0,5031.0,5033.0,774.0,5292.0,6395.0,4584.0,5091.666666666667,3015.5416666666665,3484.2559523809523,2017-10-28 17:00:00
4634.0,18,5,10,1,4906.0,5234.0,5010.0,5002.0,1364.0,4634.0,4853.0,4247.0,5050.0,2999.4583333333335,3486.1726190476193,2017-10-28 18:00:00
3847.0,19,5,10,1,4634.0,4906.0,5234.0,4685.0,2090.0,3498.0,3763.0,3340.0,4924.666666666667,2999.4583333333335,3488.4761904761904,2017-10-28 19:00:00
3337.0,20,5,10,1,3847.0,4634.0,4906.0,5031.0,2950.0,2971.0,3222.0,3000.0,4462.333333333333,3014.0,3491.4940476190477,2017-10-28 20:00:00
4284.0,21,5,10,1,3337.0,3847.0,4634.0,5010.0,3657.0,2905.0,3761.0,3030.0,3939.3333333333335,3029.25,3493.5,2017-10-28 21:00:00
4461.0,22,5,10,1,4284.0,3337.0,3847.0,5234.0,4267.0,2621.0,3218.0,2796.0,3822.6666666666665,3086.7083333333335,3500.964285714286,2017-10-28 22:00:00
2687.0,23,5,10,1,4461.0,4284.0,3337.0,4906.0,5033.0,1892.0,1617.0,2029.0,4027.3333333333335,3163.375,3510.875,2017-10-28 23:00:00
1622.0,0,6,10,1,2687.0,4461.0,4284.0,4634.0,5002.0,1340.0,685.0,1425.0,3810.6666666666665,3196.5,3514.7916666666665,2017-10-29 00:00:00
696.0,1,6,10,1,1622.0,2687.0,4461.0,3847.0,4685.0,796.0,435.0,811.0,2923.3333333333335,3208.25,3515.964285714286,2017-10-29 01:00:00
446.0,2,6,10,1,696.0,1622.0,2687.0,3337.0,5031.0,556.0,278.0,588.0,1668.3333333333333,3204.0833333333335,3515.279761904762,2017-10-29 02:00:00
434.0,3,6,10,1,446.0,696.0,1622.0,4284.0,5010.0,376.0,377.0,365.0,921.3333333333334,3199.5,3514.434523809524,2017-10-29 03:00:00
354.0,4,6,10,1,434.0,446.0,696.0,4461.0,5234.0,395.0,847.0,332.0,525.3333333333334,3201.9166666666665,3514.845238095238,2017-10-29 04:00:00
478.0,5,6,10,1,354.0,434.0,446.0,2687.0,4906.0,774.0,2805.0,527.0,411.3333333333333,3200.2083333333335,3514.9761904761904,2017-10-29 05:00:00
802.0,6,6,10,1,478.0,354.0,434.0,1622.0,4634.0,1364.0,5356.0,982.0,422.0,3187.875,3514.684523809524,2017-10-29 06:00:00
1060.0,7,6,10,1,802.0,478.0,354.0,696.0,3847.0,2090.0,5582.0,1315.0,544.6666666666666,3164.4583333333335,3513.6130952380954,2017-10-29 07:00:00
1840.0,8,6,10,1,1060.0,802.0,478.0,446.0,3337.0,2950.0,5159.0,1984.0,780.0,3121.5416666666665,3512.095238095238,2017-10-29 08:00:00
2468.0,9,6,10,1,1840.0,1060.0,802.0,434.0,4284.0,3657.0,4444.0,3159.0,1234.0,3075.2916666666665,3511.2380952380954,2017-10-29 09:00:00
3120.0,10,6,10,1,2468.0,1840.0,1060.0,354.0,4461.0,4267.0,4303.0,4333.0,1789.3333333333333,3025.75,3507.125,2017-10-29 10:00:00
3533.0,11,6,10,1,3120.0,2468.0,1840.0,478.0,2687.0,5033.0,4705.0,4116.0,2476.0,2977.9583333333335,3499.904761904762,2017-10-29 11:00:00
4073.0,12,6,10,1,3533.0,3120.0,2468.0,802.0,1622.0,5002.0,5214.0,4014.0,3040.3333333333335,2915.4583333333335,3496.434523809524,2017-10-29 12:00:00
4264.0,13,6,10,1,4073.0,3533.0,3120.0,1060.0,696.0,4685.0,5092.0,4343.0,3575.3333333333335,2876.75,3496.785714285714,2017-10-29 13:00:00
4373.0,14,6,10,1,4264.0,4073.0,3533.0,1840.0,446.0,5031.0,5120.0,4445.0,3956.6666666666665,2859.2083333333335,3496.315476190476,2017-10-29 14:00:00
4514.0,15,6,10,1,4373.0,4264.0,4073.0,2468.0,434.0,5010.0,5644.0,4933.0,4236.666666666667,2831.7916666666665,3495.8869047619046,2017-10-29 15:00:00
4499.0,16,6,10,1,4514.0,4373.0,4264.0,3120.0,354.0,5234.0,6061.0,4786.0,4383.666666666667,2811.125,3493.3928571428573,2017-10-29 16:00:00
4492.0,17,6,10,1,4499.0,4514.0,4373.0,3533.0,478.0,4906.0,5292.0,4959.0,4462.0,2780.5,3491.684523809524,2017-10-29 17:00:00
3973.0,18,6,10,1,4492.0,4499.0,4514.0,4073.0,802.0,4634.0,4634.0,4555.0,4501.666666666667,2763.25,3488.904761904762,2017-10-29 18:00:00
3409.0,19,6,10,1,3973.0,4492.0,4499.0,4264.0,1060.0,3847.0,3498.0,3840.0,4321.333333333333,2735.7083333333335,3485.440476190476,2017-10-29 19:00:00
2653.0,20,6,10,1,3409.0,3973.0,4492.0,4373.0,1840.0,3337.0,2971.0,3141.0,3958.0,2717.4583333333335,3482.875,2017-10-29 20:00:00
2077.0,21,6,10,1,2653.0,3409.0,3973.0,4514.0,2468.0,4284.0,2905.0,2463.0,3345.0,2688.9583333333335,3479.970238095238,2017-10-29 21:00:00
1661.0,22,6,10,1,2077.0,2653.0,3409.0,4499.0,3120.0,4461.0,2621.0,2431.0,2713.0,2597.0,3477.6726190476193,2017-10-29 22:00:00
2100.0,23,6,10,1,1661.0,2077.0,2653.0,4492.0,3533.0,2687.0,1892.0,1586.0,2130.3333333333335,2480.3333333333335,3473.089285714286,2017-10-29 23:00:00
563.0,0,0,10,0,2100.0,1661.0,2077.0,3973.0,4073.0,1622.0,1340.0,638.0,1946.0,2455.875,3476.1488095238096,2017-10-30 00:00:00
375.0,1,0,10,0,563.0,2100.0,1661.0,3409.0,4264.0,696.0,796.0,369.0,1441.3333333333333,2411.75,3475.7023809523807,2017-10-30 01:00:00
293.0,2,0,10,0,375.0,563.0,2100.0,2653.0,4373.0,446.0,556.0,265.0,1012.6666666666666,2398.375,3475.7380952380954,2017-10-30 02:00:00
326.0,3,0,10,0,293.0,375.0,563.0,2077.0,4514.0,434.0,376.0,360.0,410.3333333333333,2392.0,3475.904761904762,2017-10-30 03:00:00
813.0,4,0,10,0,326.0,293.0,375.0,1661.0,4499.0,354.0,395.0,862.0,331.3333333333333,2387.5,3475.7023809523807,2017-10-30 04:00:00
2822.0,5,0,10,0,813.0,326.0,293.0,2100.0,4492.0,478.0,774.0,2899.0,477.3333333333333,2406.625,3475.410714285714,2017-10-30 05:00:00
5869.0,6,0,10,0,2822.0,813.0,326.0,563.0,3973.0,802.0,1364.0,5842.0,1320.3333333333333,2504.2916666666665,3474.9523809523807,2017-10-30 06:00:00
6221.0,7,0,10,0,5869.0,2822.0,813.0,375.0,3409.0,1060.0,2090.0,6485.0,3168.0,2715.4166666666665,3475.1130952380954,2017-10-30 07:00:00
5825.0,8,0,10,0,6221.0,5869.0,2822.0,293.0,2653.0,1840.0,2950.0,6076.0,4970.666666666667,2930.4583333333335,3473.5416666666665,2017-10-30 08:00:00
5138.0,9,0,10,0,5825.0,6221.0,5869.0,326.0,2077.0,2468.0,3657.0,4965.0,5971.666666666667,3096.5,3472.0476190476193,2017-10-30 09:00:00
4482.0,10,0,10,0,5138.0,5825.0,6221.0,813.0,1661.0,3120.0,4267.0,4379.0,5728.0,3207.75,3473.0773809523807,2017-10-30 10:00:00
4569.0,11,0,10,0,4482.0,5138.0,5825.0,2822.0,2100.0,3533.0,5033.0,4652.0,5148.333333333333,3264.5,3473.690476190476,2017-10-30 11:00:00
4911.0,12,0,10,0,4569.0,4482.0,5138.0,5869.0,563.0,4073.0,5002.0,4802.0,4729.666666666667,3307.6666666666665,3473.1964285714284,2017-10-30 12:00:00
4899.0,13,0,10,0,4911.0,4569.0,4482.0,6221.0,375.0,4264.0,4685.0,4804.0,4654.0,3342.5833333333335,3473.845238095238,2017-10-30 13:00:00
5055.0,14,0,10,0,4899.0,4911.0,4569.0,5825.0,293.0,4373.0,5031.0,5118.0,4793.0,3369.0416666666665,3474.410714285714,2017-10-30 14:00:00
5698.0,15,0,10,0,5055.0,4899.0,4911.0,5138.0,326.0,4514.0,5010.0,5794.0,4955.0,3397.4583333333335,3474.035714285714,2017-10-30 15:00:00
6601.0,16,0,10,0,5698.0,5055.0,4899.0,4482.0,813.0,4499.0,5234.0,6726.0,5217.333333333333,3446.7916666666665,3473.464285714286,2017-10-30 16:00:00
6258.0,17,0,10,0,6601.0,5698.0,5055.0,4569.0,2822.0,4492.0,4906.0,6250.0,5784.666666666667,3534.375,3472.720238095238,2017-10-30 17:00:00
4381.0,18,0,10,0,6258.0,6601.0,5698.0,4911.0,5869.0,3973.0,4634.0,4335.0,6185.666666666667,3607.9583333333335,3472.7678571428573,2017-10-30 18:00:00
2970.0,19,0,10,0,4381.0,6258.0,6601.0,4899.0,6221.0,3409.0,3847.0,3097.0,5746.666666666667,3624.9583333333335,3473.0416666666665,2017-10-30 19:00:00
2491.0,20,0,10,0,2970.0,4381.0,6258.0,5055.0,5825.0,2653.0,3337.0,2581.0,4536.333333333333,3606.6666666666665,3472.285714285714,2017-10-30 20:00:00
2174.0,21,0,10,0,2491.0,2970.0,4381.0,5698.0,5138.0,2077.0,4284.0,2283.0,3280.6666666666665,3599.9166666666665,3471.75,2017-10-30 21:00:00
