horizon_steps,model,n,MAE,RMSE,R2
1,persistence,8096,585.84770256917,811.9687604274435,0.8298399167828635
1,daily_naive,8072,572.5299801783945,1030.1254456838699,0.7253787254528257
1,weekly_naive,8070,352.48785625774474,675.4149832719531,0.8818872664292059
1,historical_profile,8096,289.83729707032796,502.83628180101573,0.9347422252015378
1,ridge,8096,422.77018794884214,569.6604423699968,0.9162449169313944
1,rf,8096,152.22946646066615,235.18164056695267,0.9857246791137166
1,lgbm,8096,153.98522281760418,235.99719317818108,0.9856255007808898
3,persistence,8088,1482.3057616221563,1938.5169271838304,0.03319402717664954
3,daily_naive,8064,571.4115823412699,1029.2782710718202,0.7267060995958341
3,weekly_naive,8062,352.4746961051848,675.6477999048387,0.8821837284083238
3,historical_profile,8088,289.7605205257872,502.67622192652277,0.9349905017527788
3,ridge,8088,965.9883773716546,1255.6361749918674,0.5943721476855652
3,rf,8088,205.91753339977913,335.00637532924964,0.9711260451261448
3,lgbm,8088,210.61194046399282,336.3179022141173,0.9708995234950081
6,persistence,8082,2387.5895817866863,2832.017836430402,-1.0648334601119007
6,daily_naive,8058,570.5583271283197,1028.323182665328,0.7270302450912336
6,weekly_naive,8056,351.9196871896723,675.4234374714867,0.8821830819123422
6,historical_profile,8082,288.09160092753166,501.3133884705105,0.9352988995295806
6,ridge,8082,656.6756880688366,872.0617846040926,0.8042113232057876
6,rf,8082,227.7738874382835,387.5234391183698,0.9613375819890921
6,lgbm,8082,234.997268752124,386.76140556816864,0.9614894855350689
