horizon_steps,comparison,n_common,delta_MAE,CI_low,CI_high,block_steps
1,lgbm_minus_daily_naive,8072,-418.37604103559863,-460.47175910946163,-376.7073423963344,24
1,lgbm_minus_historical_profile,8096,-135.85207425272375,-161.1641946986024,-114.84319754168465,24
1,lgbm_minus_rf,8096,1.7557563569380565,0.15006456788504147,3.1520613769113917,24
1,rf_minus_historical_profile,8096,-137.6078306096618,-162.6394682802148,-116.33890103206895,24
1,lgbm_minus_weekly_naive,8070,-198.2853972207969,-234.19102894077355,-163.69599871249025,24
3,lgbm_minus_daily_naive,8064,-360.63324966207944,-405.8469708847452,-316.91440619578157,24
3,lgbm_minus_historical_profile,8088,-79.14858006179436,-98.1562967550097,-64.35041767609971,24
3,lgbm_minus_rf,8088,4.694407064213662,2.1895939831639164,7.053508525758707,24
3,rf_minus_historical_profile,8088,-83.84298712600801,-100.46396232177219,-67.74863617611962,24
3,lgbm_minus_weekly_naive,8062,-141.61885501607026,-176.47980225231404,-110.61256894739364,24
6,lgbm_minus_daily_naive,8058,-335.46361990075314,-376.13828777279485,-298.94631033024024,24
6,lgbm_minus_historical_profile,8082,-53.09433217540767,-68.34230833988235,-38.539679560597236,24
6,lgbm_minus_rf,8082,7.223381313840486,3.9148517073546856,10.983672308907014,24
6,rf_minus_historical_profile,8082,-60.31771348924815,-75.81498660617278,-47.03426849076344,24
6,lgbm_minus_weekly_naive,8056,-116.54157384389059,-151.13314588013642,-90.60153949249576,24
