fold,horizon_steps,model,n,MAE,RMSE,R2
1,1,persistence,2455,587.4700610997963,830.8781831252296,0.8306092826857714
1,1,daily_naive,2280,552.8530701754386,1023.3158181111495,0.7437320591267655
1,1,weekly_naive,1957,334.3643331630046,625.5942348304054,0.9041779559342755
1,1,historical_profile,2455,318.9384366271756,501.2524015415445,0.9383507455729485
1,1,lgbm,2455,154.16938622017432,241.38021319094437,0.9857038785489157
1,3,persistence,2430,1514.10658436214,1977.779706303679,0.03723110893674397
1,3,daily_naive,2261,557.4365325077399,1029.4929395175984,0.7396105985541719
1,3,weekly_naive,1943,336.1188883170355,634.0587558883502,0.9016300154376362
1,3,historical_profile,2430,319.1748771265358,497.1446812071414,0.9391680398023958
1,3,lgbm,2430,209.42037656742005,331.9707790359885,0.9728752382995515
1,6,persistence,2390,2447.9225941422596,2900.305979168982,-1.0591273139253143
1,6,daily_naive,2243,559.2416406598306,1031.502764075808,0.7386178079973571
1,6,weekly_naive,1915,334.245953002611,629.8873433195427,0.9033704776688385
1,6,historical_profile,2390,312.3266127114382,480.4054201672096,0.9435048246435808
1,6,lgbm,2390,222.6558066040464,367.8037228120254,0.9668847677619831
2,1,persistence,1874,559.8137673425828,798.8386444265465,0.8428298527774707
2,1,daily_naive,1699,536.408475573867,996.4572772357537,0.7529747720221971
2,1,weekly_naive,1705,307.8956011730205,592.1880338614419,0.9121821674261449
2,1,historical_profile,1874,266.6579873944139,463.4004240130753,0.9471110699126343
2,1,lgbm,1874,160.90169495105994,245.66834909261982,0.985135498724013
2,3,persistence,1897,1448.4659989457036,1913.3803527461996,0.12028450214801567
2,3,daily_naive,1706,548.6547479484174,1032.5802442071254,0.7396275076874065
2,3,weekly_naive,1709,308.42071386775893,600.6688981622293,0.9113293185378833
2,3,historical_profile,1897,269.27961319151564,475.49090605230543,0.9456719579959462
2,3,lgbm,1897,221.19363144403437,334.56439005775144,0.9731032967761342
2,6,persistence,2224,2421.9375,2879.8393645718174,-1.1433936361404657
2,6,daily_naive,1925,546.2358441558441,1001.914349969759,0.7414848685423512
2,6,weekly_naive,1862,333.5198711063373,640.8307502635554,0.8944830301366934
2,6,historical_profile,2224,283.5751312251081,508.3918450005382,0.9332021382837694
2,6,lgbm,2224,262.938298069815,437.0950099149106,0.9506238633669571
3,1,persistence,2020,613.9732673267326,871.1985513312015,0.823471779436789
3,1,daily_naive,1819,538.0967564595932,1020.5116250736149,0.7567418980652351
3,1,weekly_naive,1728,265.7662037037037,512.1872419665813,0.9393447471962598
3,1,historical_profile,2020,264.6695531200422,412.1398813577064,0.9604934470707843
3,1,lgbm,2020,162.35711879133154,241.4179024380685,0.9864443983266864
3,3,persistence,2084,1564.7557581573897,2066.3360353157786,0.007292014647491185
3,3,daily_naive,1855,547.3256064690027,1026.6014407058365,0.7539832524237874
3,3,weekly_naive,1751,265.03026841804683,509.889518945579,0.9397005045712628
3,3,historical_profile,2084,268.73271717493645,422.57129532919055,0.9584836082104148
3,3,lgbm,2084,236.11922148465777,380.43513400588404,0.9663503266582534
3,6,persistence,2234,2550.572068039391,3017.5271667919847,-1.1722143617254237
3,6,daily_naive,1969,558.1122397155917,1059.283347484994,0.7323684725667969
3,6,weekly_naive,1835,269.5553133514986,509.4038456167712,0.9386110313962605
3,6,historical_profile,2234,278.364195933894,421.1835547105129,0.9576802479497217
3,6,lgbm,2234,254.45189342700246,387.96614091439926,0.9640922698198151
