feature,mean_abs_shap
num__origin_value,1582.8084341870085
num__hour,553.120972533488
num__lag_3,49.75572051445825
num__rolling_mean_3,39.152452425790806
num__lag_6,38.19312163272722
num__rolling_mean_24,34.882756101018494
num__lag_2,33.38898768121291
num__lag_1,32.2430892856594
num__dow,30.71219414505169
num__lag_12,28.774714857968803
num__lag_168,18.08806203429853
num__rolling_mean_168,14.320852762124403
num__lag_24,10.357229901975822
num__month,7.359223928564961
num__lag_48,6.0795492721976405
num__missingindicator_rolling_mean_3,1.102723058246822
num__missingindicator_lag_2,1.0685588817154703
num__missingindicator_lag_3,0.5573586719711742
num__missingindicator_lag_6,0.5409521462804334
num__missingindicator_lag_12,0.3783265030285422
num__missingindicator_lag_24,0.24800361919429406
num__missingindicator_lag_48,0.17966741623439028
num__missingindicator_lag_168,0.0720905916644253
num__missingindicator_lag_1,0.03958767269643041
num__missingindicator_rolling_mean_24,0.015346335392248545
num__missingindicator_rolling_mean_168,0.002099242447734911
num__is_weekend,0.0
